Mean,STD,95% CI Lower,95% CI Upper
0.520593390226934,0.019004850389541673,0.5088140619178827,0.5323727185359852
0.8483505141775005,0.022927706119924153,0.8341397746965599,0.8625612536584412
0.5059198220800514,0.012463808186724545,0.4981946737309088,0.5136449704291939
0.873834715470403,0.0036887571926234376,0.8715484000754554,0.8761210308653506
0.5643190703735882,0.019368692784340665,0.5523142302118655,0.5763239105353108
0.913850160762675,0.004393501349906665,0.911127040413604,0.916573281111746
0.458715586986591,0.012216393415019634,0.4511437879016986,0.46628738607148335
