Mean,STD,95% CI Lower,95% CI Upper
0.508635360219317,0.04097108656696783,0.48186758366223137,0.5354031367764026
0.8383254340102457,0.0502656636038012,0.8054852004557623,0.8711656675647291
0.4992766579392949,0.02566040403678251,0.48251186063526363,0.5160414552433261
0.8724386257924321,0.006393564800007758,0.8682614967897604,0.8766157547951039
0.5561226952408533,0.03954470553411063,0.5302868209585677,0.581958569523139
0.9133332397306114,0.007262100051894967,0.9085886676967068,0.9180778117645161
0.45372362005412037,0.023106316458574243,0.4386274933011852,0.4688197468070555
