Mean,STD,95% CI Lower,95% CI Upper
0.5181139929435445,0.018362298552198963,0.5061172912227746,0.5301106946643145
0.8467191960515409,0.023694961164683517,0.8312384880906143,0.8621999040124675
0.5041392765571002,0.011794001750371022,0.49643386208019114,0.5118446910340093
0.8732232873173554,0.0033319733617003053,0.8710463980543779,0.875400176580333
0.5630912732889275,0.020126607483218626,0.5499418897332247,0.5762406568446303
0.9133184192996333,0.004305204386670941,0.9105056857670083,0.9161311528322583
0.4566174871482771,0.010879914687147463,0.4495092762193408,0.4637256980772134
