AUPR,AUC,F1 Score,Accuracy,Recall,Specificity,Precision
0.5115356949987422,0.8426539807293018,0.49850022796534926,0.8700811876017953,0.5640204170286707,0.9096499726212038,0.44661822247065397
0.5241727926023733,0.8564649136234936,0.508347327867233,0.8762417475848864,0.5588618592528236,0.9172739143254286,0.4662076463127378
0.475421532321575,0.7871796347220054,0.48254348531356844,0.871100695005657,0.5249782797567333,0.9158488128834786,0.44645578388362966
0.5192816353765906,0.8516999266144697,0.5017687074829932,0.8747933010903756,0.5507167680278019,0.9166912373811831,0.46081148621018675
0.5198198992893266,0.8540091679901674,0.500129433083096,0.86795514167423,0.5769982623805386,0.9055712340114851,0.4413340532458363
0.5206422750010766,0.8541317105024439,0.5033955250554006,0.870441745098283,0.5735773240660296,0.9088215885317945,0.44851598658231073
0.5391739648092686,0.8660045714901545,0.5227550800086366,0.8763349952132884,0.591605125977411,0.9131460342866771,0.46825976705204797
0.516481803264357,0.8436892281176362,0.5009187068580225,0.875048177941341,0.5477302345786272,0.9173651769793466,0.46147863482477813
0.5364963388285906,0.8646396306741958,0.5188949953796022,0.8770125946463428,0.5793331885317116,0.9154978026761018,0.46987580375231214
